[
    {
        "anonymous": false,
        "inputs": [
            {
                "indexed": true,
                "name": "sender",
                "type": "address"
            },
            {
                "indexed": true,
                "name": "receiver",
                "type": "address"
            },
            {
                "indexed": false,
                "name": "value",
                "type": "uint256"
            }
        ],
        "name": "Transfer",
        "type": "event"
    },
    {
        "anonymous": false,
        "inputs": [
            {
                "indexed": true,
                "name": "owner",
                "type": "address"
            },
            {
                "indexed": true,
                "name": "spender",
                "type": "address"
            },
            {
                "indexed": false,
                "name": "value",
                "type": "uint256"
            }
        ],
        "name": "Approval",
        "type": "event"
    },
    {
        "inputs": [
            {
                "name": "_name",
                "type": "string"
            },
            {
                "name": "_symbol",
                "type": "string"
            },
            {
                "name": "_decimals",
                "type": "uint256"
            },
            {
                "name": "_supply",
                "type": "uint256"
            }
        ],
        "outputs": [],
        "stateMutability": "nonpayable",
        "type": "constructor",
        "name": "constructor"
    },
    {
        "gas": 74710,
        "inputs": [
            {
                "name": "_to",
                "type": "address"
            },
            {
                "name": "_value",
                "type": "uint256"
            }
        ],
        "name": "transfer",
        "outputs": [
            {
                "name": "",
                "type": "bool"
            }
        ],
        "stateMutability": "nonpayable",
        "type": "function"
    },
    {
        "gas": 111065,
        "inputs": [
            {
                "name": "_from",
                "type": "address"
            },
            {
                "name": "_to",
                "type": "address"
            },
            {
                "name": "_value",
                "type": "uint256"
            }
        ],
        "name": "transferFrom",
        "outputs": [
            {
                "name": "",
                "type": "bool"
            }
        ],
        "stateMutability": "nonpayable",
        "type": "function"
    },
    {
        "gas": 37791,
        "inputs": [
            {
                "name": "_spender",
                "type": "address"
            },
            {
                "name": "_value",
                "type": "uint256"
            }
        ],
        "name": "approve",
        "outputs": [
            {
                "name": "",
                "type": "bool"
            }
        ],
        "stateMutability": "nonpayable",
        "type": "function"
    },
    {
        "gas": 74748,
        "inputs": [
            {
                "name": "_to",
                "type": "address"
            },
            {
                "name": "_value",
                "type": "uint256"
            }
        ],
        "name": "mint",
        "outputs": [],
        "stateMutability": "nonpayable",
        "type": "function"
    },
    {
        "gas": 75298,
        "inputs": [
            {
                "name": "_value",
                "type": "uint256"
            }
        ],
        "name": "burn",
        "outputs": [],
        "stateMutability": "nonpayable",
        "type": "function"
    },
    {
        "gas": 111649,
        "inputs": [
            {
                "name": "_to",
                "type": "address"
            },
            {
                "name": "_value",
                "type": "uint256"
            }
        ],
        "name": "burnFrom",
        "outputs": [],
        "stateMutability": "nonpayable",
        "type": "function"
    },
    {
        "gas": 7670,
        "inputs": [],
        "name": "name",
        "outputs": [
            {
                "name": "",
                "type": "string"
            }
        ],
        "stateMutability": "view",
        "type": "function"
    },
    {
        "gas": 6723,
        "inputs": [],
        "name": "symbol",
        "outputs": [
            {
                "name": "",
                "type": "string"
            }
        ],
        "stateMutability": "view",
        "type": "function"
    },
    {
        "gas": 1328,
        "inputs": [],
        "name": "decimals",
        "outputs": [
            {
                "name": "",
                "type": "uint256"
            }
        ],
        "stateMutability": "view",
        "type": "function"
    },
    {
        "gas": 1573,
        "inputs": [
            {
                "name": "arg0",
                "type": "address"
            }
        ],
        "name": "balanceOf",
        "outputs": [
            {
                "name": "",
                "type": "uint256"
            }
        ],
        "stateMutability": "view",
        "type": "function"
    },
    {
        "gas": 1818,
        "inputs": [
            {
                "name": "arg0",
                "type": "address"
            },
            {
                "name": "arg1",
                "type": "address"
            }
        ],
        "name": "allowance",
        "outputs": [
            {
                "name": "",
                "type": "uint256"
            }
        ],
        "stateMutability": "view",
        "type": "function"
    },
    {
        "gas": 1418,
        "inputs": [],
        "name": "totalSupply",
        "outputs": [
            {
                "name": "",
                "type": "uint256"
            }
        ],
        "stateMutability": "view",
        "type": "function"
    }
]