[
    {
        "anonymous": false,
        "inputs": [
            {
                "indexed": false,
                "name": "admin",
                "type": "address"
            }
        ],
        "name": "CommitOwnership",
        "type": "event"
    },
    {
        "anonymous": false,
        "inputs": [
            {
                "indexed": false,
                "name": "admin",
                "type": "address"
            }
        ],
        "name": "ApplyOwnership",
        "type": "event"
    },
    {
        "anonymous": false,
        "inputs": [
            {
                "indexed": true,
                "name": "provider",
                "type": "address"
            },
            {
                "indexed": false,
                "name": "value",
                "type": "uint256"
            },
            {
                "indexed": true,
                "name": "locktime",
                "type": "uint256"
            },
            {
                "indexed": false,
                "name": "type",
                "type": "int128"
            },
            {
                "indexed": false,
                "name": "ts",
                "type": "uint256"
            }
        ],
        "name": "Deposit",
        "type": "event"
    },
    {
        "anonymous": false,
        "inputs": [
            {
                "indexed": true,
                "name": "provider",
                "type": "address"
            },
            {
                "indexed": false,
                "name": "value",
                "type": "uint256"
            },
            {
                "indexed": false,
                "name": "ts",
                "type": "uint256"
            }
        ],
        "name": "Withdraw",
        "type": "event"
    },
    {
        "anonymous": false,
        "inputs": [
            {
                "indexed": false,
                "name": "prevSupply",
                "type": "uint256"
            },
            {
                "indexed": false,
                "name": "supply",
                "type": "uint256"
            }
        ],
        "name": "Supply",
        "type": "event"
    },
    {
        "gas": 914371,
        "inputs": [
            {
                "name": "token_addr",
                "type": "address"
            },
            {
                "name": "_name",
                "type": "string"
            },
            {
                "name": "_symbol",
                "type": "string"
            },
            {
                "name": "_version",
                "type": "string"
            }
        ],
        "name": "initialize",
        "outputs": [],
        "stateMutability": "nonpayable",
        "type": "function"
    },
    {
        "gas": 37627,
        "inputs": [
            {
                "name": "addr",
                "type": "address"
            }
        ],
        "name": "commit_transfer_ownership",
        "outputs": [],
        "stateMutability": "nonpayable",
        "type": "function"
    },
    {
        "gas": 38527,
        "inputs": [],
        "name": "apply_transfer_ownership",
        "outputs": [],
        "stateMutability": "nonpayable",
        "type": "function"
    },
    {
        "gas": 36337,
        "inputs": [
            {
                "name": "addr",
                "type": "address"
            }
        ],
        "name": "commit_smart_wallet_checker",
        "outputs": [],
        "stateMutability": "nonpayable",
        "type": "function"
    },
    {
        "gas": 37125,
        "inputs": [],
        "name": "apply_smart_wallet_checker",
        "outputs": [],
        "stateMutability": "nonpayable",
        "type": "function"
    },
    {
        "gas": 2599,
        "inputs": [
            {
                "name": "addr",
                "type": "address"
            }
        ],
        "name": "get_last_user_slope",
        "outputs": [
            {
                "name": "",
                "type": "int128"
            }
        ],
        "stateMutability": "view",
        "type": "function"
    },
    {
        "gas": 1702,
        "inputs": [
            {
                "name": "_addr",
                "type": "address"
            },
            {
                "name": "_idx",
                "type": "uint256"
            }
        ],
        "name": "user_point_history__ts",
        "outputs": [
            {
                "name": "",
                "type": "uint256"
            }
        ],
        "stateMutability": "view",
        "type": "function"
    },
    {
        "gas": 1623,
        "inputs": [
            {
                "name": "_addr",
                "type": "address"
            }
        ],
        "name": "locked__end",
        "outputs": [
            {
                "name": "",
                "type": "uint256"
            }
        ],
        "stateMutability": "view",
        "type": "function"
    },
    {
        "gas": 37464474,
        "inputs": [],
        "name": "checkpoint",
        "outputs": [],
        "stateMutability": "nonpayable",
        "type": "function"
    },
    {
        "gas": 75104955,
        "inputs": [
            {
                "name": "_addr",
                "type": "address"
            },
            {
                "name": "_value",
                "type": "uint256"
            }
        ],
        "name": "deposit_for",
        "outputs": [],
        "stateMutability": "nonpayable",
        "type": "function"
    },
    {
        "gas": 75107123,
        "inputs": [
            {
                "name": "_value",
                "type": "uint256"
            },
            {
                "name": "_unlock_time",
                "type": "uint256"
            }
        ],
        "name": "create_lock",
        "outputs": [],
        "stateMutability": "nonpayable",
        "type": "function"
    },
    {
        "gas": 75105924,
        "inputs": [
            {
                "name": "_value",
                "type": "uint256"
            }
        ],
        "name": "increase_amount",
        "outputs": [],
        "stateMutability": "nonpayable",
        "type": "function"
    },
    {
        "gas": 75109072,
        "inputs": [
            {
                "name": "_unlock_time",
                "type": "uint256"
            }
        ],
        "name": "increase_unlock_time",
        "outputs": [],
        "stateMutability": "nonpayable",
        "type": "function"
    },
    {
        "gas": 37635698,
        "inputs": [],
        "name": "withdraw",
        "outputs": [],
        "stateMutability": "nonpayable",
        "type": "function"
    },
    {
        "inputs": [
            {
                "name": "addr",
                "type": "address"
            }
        ],
        "name": "balanceOf",
        "outputs": [
            {
                "name": "",
                "type": "uint256"
            }
        ],
        "stateMutability": "view",
        "type": "function"
    },
    {
        "inputs": [
            {
                "name": "addr",
                "type": "address"
            },
            {
                "name": "_t",
                "type": "uint256"
            }
        ],
        "name": "balanceOf",
        "outputs": [
            {
                "name": "",
                "type": "uint256"
            }
        ],
        "stateMutability": "view",
        "type": "function"
    },
    {
        "gas": 514393,
        "inputs": [
            {
                "name": "addr",
                "type": "address"
            },
            {
                "name": "_block",
                "type": "uint256"
            }
        ],
        "name": "balanceOfAt",
        "outputs": [
            {
                "name": "",
                "type": "uint256"
            }
        ],
        "stateMutability": "view",
        "type": "function"
    },
    {
        "inputs": [],
        "name": "totalSupply",
        "outputs": [
            {
                "name": "",
                "type": "uint256"
            }
        ],
        "stateMutability": "view",
        "type": "function"
    },
    {
        "inputs": [
            {
                "name": "t",
                "type": "uint256"
            }
        ],
        "name": "totalSupply",
        "outputs": [
            {
                "name": "",
                "type": "uint256"
            }
        ],
        "stateMutability": "view",
        "type": "function"
    },
    {
        "gas": 1018250,
        "inputs": [
            {
                "name": "_block",
                "type": "uint256"
            }
        ],
        "name": "totalSupplyAt",
        "outputs": [
            {
                "name": "",
                "type": "uint256"
            }
        ],
        "stateMutability": "view",
        "type": "function"
    },
    {
        "gas": 36937,
        "inputs": [
            {
                "name": "_newController",
                "type": "address"
            }
        ],
        "name": "changeController",
        "outputs": [],
        "stateMutability": "nonpayable",
        "type": "function"
    },
    {
        "gas": 1871,
        "inputs": [],
        "name": "DEPOSIT_FOR_TYPE",
        "outputs": [
            {
                "name": "",
                "type": "int128"
            }
        ],
        "stateMutability": "view",
        "type": "function"
    },
    {
        "gas": 1901,
        "inputs": [],
        "name": "CREATE_LOCK_TYPE",
        "outputs": [
            {
                "name": "",
                "type": "int128"
            }
        ],
        "stateMutability": "view",
        "type": "function"
    },
    {
        "gas": 1931,
        "inputs": [],
        "name": "INCREASE_LOCK_AMOUNT",
        "outputs": [
            {
                "name": "",
                "type": "int128"
            }
        ],
        "stateMutability": "view",
        "type": "function"
    },
    {
        "gas": 1961,
        "inputs": [],
        "name": "INCREASE_UNLOCK_TIME",
        "outputs": [
            {
                "name": "",
                "type": "int128"
            }
        ],
        "stateMutability": "view",
        "type": "function"
    },
    {
        "gas": 1991,
        "inputs": [],
        "name": "WEEK",
        "outputs": [
            {
                "name": "",
                "type": "uint256"
            }
        ],
        "stateMutability": "view",
        "type": "function"
    },
    {
        "gas": 2021,
        "inputs": [],
        "name": "MAXTIME",
        "outputs": [
            {
                "name": "",
                "type": "uint256"
            }
        ],
        "stateMutability": "view",
        "type": "function"
    },
    {
        "gas": 2051,
        "inputs": [],
        "name": "MULTIPLIER",
        "outputs": [
            {
                "name": "",
                "type": "uint256"
            }
        ],
        "stateMutability": "view",
        "type": "function"
    },
    {
        "gas": 2081,
        "inputs": [],
        "name": "token",
        "outputs": [
            {
                "name": "",
                "type": "address"
            }
        ],
        "stateMutability": "view",
        "type": "function"
    },
    {
        "gas": 2111,
        "inputs": [],
        "name": "supply",
        "outputs": [
            {
                "name": "",
                "type": "uint256"
            }
        ],
        "stateMutability": "view",
        "type": "function"
    },
    {
        "gas": 3599,
        "inputs": [
            {
                "name": "arg0",
                "type": "address"
            }
        ],
        "name": "locked",
        "outputs": [
            {
                "name": "amount",
                "type": "int128"
            },
            {
                "name": "end",
                "type": "uint256"
            }
        ],
        "stateMutability": "view",
        "type": "function"
    },
    {
        "gas": 2171,
        "inputs": [],
        "name": "epoch",
        "outputs": [
            {
                "name": "",
                "type": "uint256"
            }
        ],
        "stateMutability": "view",
        "type": "function"
    },
    {
        "gas": 5790,
        "inputs": [
            {
                "name": "arg0",
                "type": "uint256"
            }
        ],
        "name": "point_history",
        "outputs": [
            {
                "name": "bias",
                "type": "int128"
            },
            {
                "name": "slope",
                "type": "int128"
            },
            {
                "name": "ts",
                "type": "uint256"
            },
            {
                "name": "blk",
                "type": "uint256"
            }
        ],
        "stateMutability": "view",
        "type": "function"
    },
    {
        "gas": 6319,
        "inputs": [
            {
                "name": "arg0",
                "type": "address"
            },
            {
                "name": "arg1",
                "type": "uint256"
            }
        ],
        "name": "user_point_history",
        "outputs": [
            {
                "name": "bias",
                "type": "int128"
            },
            {
                "name": "slope",
                "type": "int128"
            },
            {
                "name": "ts",
                "type": "uint256"
            },
            {
                "name": "blk",
                "type": "uint256"
            }
        ],
        "stateMutability": "view",
        "type": "function"
    },
    {
        "gas": 2415,
        "inputs": [
            {
                "name": "arg0",
                "type": "address"
            }
        ],
        "name": "user_point_epoch",
        "outputs": [
            {
                "name": "",
                "type": "uint256"
            }
        ],
        "stateMutability": "view",
        "type": "function"
    },
    {
        "gas": 2406,
        "inputs": [
            {
                "name": "arg0",
                "type": "uint256"
            }
        ],
        "name": "slope_changes",
        "outputs": [
            {
                "name": "",
                "type": "int128"
            }
        ],
        "stateMutability": "view",
        "type": "function"
    },
    {
        "gas": 2321,
        "inputs": [],
        "name": "controller",
        "outputs": [
            {
                "name": "",
                "type": "address"
            }
        ],
        "stateMutability": "view",
        "type": "function"
    },
    {
        "gas": 2351,
        "inputs": [],
        "name": "transfersEnabled",
        "outputs": [
            {
                "name": "",
                "type": "bool"
            }
        ],
        "stateMutability": "view",
        "type": "function"
    },
    {
        "gas": 8783,
        "inputs": [],
        "name": "name",
        "outputs": [
            {
                "name": "",
                "type": "string"
            }
        ],
        "stateMutability": "view",
        "type": "function"
    },
    {
        "gas": 7836,
        "inputs": [],
        "name": "symbol",
        "outputs": [
            {
                "name": "",
                "type": "string"
            }
        ],
        "stateMutability": "view",
        "type": "function"
    },
    {
        "gas": 7866,
        "inputs": [],
        "name": "version",
        "outputs": [
            {
                "name": "",
                "type": "string"
            }
        ],
        "stateMutability": "view",
        "type": "function"
    },
    {
        "gas": 2471,
        "inputs": [],
        "name": "decimals",
        "outputs": [
            {
                "name": "",
                "type": "uint256"
            }
        ],
        "stateMutability": "view",
        "type": "function"
    },
    {
        "gas": 2501,
        "inputs": [],
        "name": "future_smart_wallet_checker",
        "outputs": [
            {
                "name": "",
                "type": "address"
            }
        ],
        "stateMutability": "view",
        "type": "function"
    },
    {
        "gas": 2531,
        "inputs": [],
        "name": "smart_wallet_checker",
        "outputs": [
            {
                "name": "",
                "type": "address"
            }
        ],
        "stateMutability": "view",
        "type": "function"
    },
    {
        "gas": 2561,
        "inputs": [],
        "name": "admin",
        "outputs": [
            {
                "name": "",
                "type": "address"
            }
        ],
        "stateMutability": "view",
        "type": "function"
    },
    {
        "gas": 2591,
        "inputs": [],
        "name": "future_admin",
        "outputs": [
            {
                "name": "",
                "type": "address"
            }
        ],
        "stateMutability": "view",
        "type": "function"
    },
    {
        "gas": 2621,
        "inputs": [],
        "name": "initialized",
        "outputs": [
            {
                "name": "",
                "type": "bool"
            }
        ],
        "stateMutability": "view",
        "type": "function"
    }
]